{
  "title": "Image File Properties Analysis - VQA Dataset",
  "timestamp": "2026-04-03T01:25:03.904696",
  "dataset_info": {
    "total_images": {
      "train": 5073,
      "test": 5074,
      "dev": 4413
    },
    "sample_size": 200,
    "sampling_method": "random"
  },
  "analysis": {
    "train": {
      "sample_size": 200,
      "successfully_analyzed": 200,
      "errors": 0,
      "dimensions": {
        "width": {
          "min": 720,
          "max": 1541,
          "mean": 775.45,
          "median": 720.0,
          "stdev": 139.84153810257692
        },
        "height": {
          "min": 720,
          "max": 1558,
          "mean": 937.65,
          "median": 960.0,
          "stdev": 153.32544131609035
        }
      },
      "aspect_ratios": {
        "min": 0.4621309370988447,
        "max": 2.140277777777778,
        "mean": 0.8638933941913117,
        "median": 0.75,
        "stdev": 0.2925803258277512
      },
      "file_sizes_kb": {
        "min": 34.83203125,
        "max": 387.12109375,
        "mean": 126.4316015625,
        "median": 113.9619140625,
        "stdev": 52.32385345920587
      },
      "formats": {
        "JPG": 200
      },
      "color_modes": {
        "RGB": 200
      }
    },
    "test": {
      "sample_size": 200,
      "successfully_analyzed": 200,
      "errors": 0,
      "dimensions": {
        "width": {
          "min": 720,
          "max": 1558,
          "mean": 758.57,
          "median": 720.0,
          "stdev": 110.04437250308618
        },
        "height": {
          "min": 720,
          "max": 1600,
          "mean": 953.045,
          "median": 960.0,
          "stdev": 155.2488130219475
        }
      },
      "aspect_ratios": {
        "min": 0.45,
        "max": 2.1638888888888888,
        "mean": 0.8278494315577781,
        "median": 0.75,
        "stdev": 0.24953141713611088
      },
      "file_sizes_kb": {
        "min": 23.53125,
        "max": 327.07421875,
        "mean": 122.8399072265625,
        "median": 114.05859375,
        "stdev": 52.74154807673826
      },
      "formats": {
        "JPG": 200
      },
      "color_modes": {
        "RGB": 200
      }
    },
    "dev": {
      "sample_size": 200,
      "successfully_analyzed": 200,
      "errors": 0,
      "dimensions": {
        "width": {
          "min": 720,
          "max": 1608,
          "mean": 770.115,
          "median": 720.0,
          "stdev": 135.17318790589803
        },
        "height": {
          "min": 720,
          "max": 1541,
          "mean": 942.105,
          "median": 960.0,
          "stdev": 158.987860144625
        }
      },
      "aspect_ratios": {
        "min": 0.4672290720311486,
        "max": 2.2333333333333334,
        "mean": 0.8545218916556391,
        "median": 0.75,
        "stdev": 0.28571032390848194
      },
      "file_sizes_kb": {
        "min": 42.7080078125,
        "max": 312.0478515625,
        "mean": 129.35662109375,
        "median": 114.98681640625,
        "stdev": 51.153139353829644
      },
      "formats": {
        "JPG": 200
      },
      "color_modes": {
        "RGB": 200
      }
    }
  },
  "resolution_distribution": {
    "train": {
      "1000-2000px": 25,
      "500-1000px": 175
    },
    "test": {
      "1000-2000px": 24,
      "500-1000px": 176
    },
    "dev": {
      "1000-2000px": 28,
      "500-1000px": 172
    }
  },
  "outlier_summary": {
    "train": {
      "small": [
        [
          "train_2941.jpg",
          720,
          900,
          648000
        ],
        [
          "train_1867.jpg",
          959,
          720,
          690480
        ],
        [
          "train_2989.jpg",
          720,
          720,
          518400
        ],
        [
          "train_3287.jpg",
          720,
          720,
          518400
        ],
        [
          "train_2578.jpg",
          720,
          720,
          518400
        ]
      ],
      "large": [
        [
          "train_2254.jpg",
          1052,
          720,
          757440
        ],
        [
          "train_0768.jpg",
          720,
          1080,
          777600
        ],
        [
          "train_4932.jpg",
          990,
          720,
          712800
        ],
        [
          "train_3437.jpg",
          720,
          1558,
          1121760
        ],
        [
          "train_1308.jpg",
          720,
          1278,
          920160
        ]
      ]
    },
    "test": {
      "small": [
        [
          "test_1559.jpg",
          720,
          720,
          518400
        ],
        [
          "test_3466.jpg",
          720,
          873,
          628560
        ],
        [
          "test_2431.jpg",
          720,
          720,
          518400
        ],
        [
          "test_4351.jpg",
          720,
          910,
          655200
        ],
        [
          "test_0983.jpg",
          720,
          720,
          518400
        ]
      ],
      "large": [
        [
          "test_3873.jpg",
          1278,
          720,
          920160
        ],
        [
          "test_1560.jpg",
          720,
          1558,
          1121760
        ],
        [
          "test_3470.jpg",
          720,
          1278,
          920160
        ],
        [
          "test_3368.jpg",
          720,
          1278,
          920160
        ],
        [
          "test_1504.jpg",
          720,
          1278,
          920160
        ]
      ]
    },
    "dev": {
      "small": [
        [
          "dev_3134.jpg",
          720,
          720,
          518400
        ],
        [
          "dev_1635.jpg",
          720,
          720,
          518400
        ],
        [
          "dev_1865.jpg",
          720,
          720,
          518400
        ],
        [
          "dev_0014.jpg",
          720,
          720,
          518400
        ],
        [
          "dev_4260.jpg",
          720,
          890,
          640800
        ]
      ],
      "large": [
        [
          "dev_0886.jpg",
          720,
          1278,
          920160
        ],
        [
          "dev_3771.jpg",
          720,
          1278,
          920160
        ],
        [
          "dev_2283.jpg",
          720,
          1278,
          920160
        ],
        [
          "dev_4393.jpg",
          1278,
          720,
          920160
        ],
        [
          "dev_2713.jpg",
          720,
          1278,
          920160
        ]
      ]
    }
  }
}